{
    "providers": {
        "awscloudformation": {
            "AuthRoleName": "pet-20190416134201-authRole",
            "UnauthRoleArn": "arn:aws:iam::804906870111:role/pet-20190416134201-unauthRole",
            "AuthRoleArn": "arn:aws:iam::804906870111:role/pet-20190416134201-authRole",
            "Region": "us-east-1",
            "DeploymentBucketName": "pet-20190416134201-deployment",
            "UnauthRoleName": "pet-20190416134201-unauthRole",
            "StackName": "pet-20190416134201",
            "StackId": "arn:aws:cloudformation:us-east-1:804906870111:stack/pet-20190416134201/f19fc6c0-606e-11e9-b9d9-0a4a1f15abc2"
        }
    },
    "auth": {
        "cognito223e83fa": {
            "service": "Cognito",
            "providerPlugin": "awscloudformation",
            "providerMetadata": {
                "s3TemplateURL": "https://s3.amazonaws.com/pet-20190416134201-deployment/amplify-cfn-templates/auth/cognito223e83fa-cloudformation-template.yml",
                "logicalId": "authcognito223e83fa"
            },
            "lastPushTimeStamp": "2019-04-16T17:55:04.506Z",
            "output": {
                "AppClientSecret": "k9cg3n4ndv7bhgo4kuafuoi4gct6qg1dek2ljgjgm1gsk6s48pj",
                "UserPoolId": "us-east-1_DiMEUWuyT",
                "AppClientIDWeb": "7gsoq7802cjei69c7c345rfk7d",
                "AppClientID": "21ut8kigao2ma176dod2j89pc2",
                "IdentityPoolId": "us-east-1:3b486a05-0291-4628-9af3-2564a00f22ac",
                "IdentityPoolName": "cognito223e83fa_identitypool_223e83fa__dev",
                "UserPoolName": "cognito223e83fa_userpool_223e83fa"
            }
        }
    },
    "api": {
        "AmplifyAndroid": {
            "service": "AppSync",
            "providerPlugin": "awscloudformation",
            "output": {
                "securityType": "AMAZON_COGNITO_USER_POOLS",
                "GraphQLAPIIdOutput": "ccxsk542pfcgvde3wchjkkujye",
                "GraphQLAPIEndpointOutput": "https://tr3373jdunfhxg3wjbd5d6umsy.appsync-api.us-east-1.amazonaws.com/graphql"
            },
            "providerMetadata": {
                "s3TemplateURL": "https://s3.amazonaws.com/pet-20190416134201-deployment/amplify-cfn-templates/api/cloudformation-template.json",
                "logicalId": "apiAmplifyAndroid"
            },
            "lastPushTimeStamp": "2019-04-16T17:55:04.509Z"
        }
    }
}