{
    "android": {
        "awscloudformation": {
            "AuthRoleName": "pet-20190416133910-authRole",
            "UnauthRoleArn": "arn:aws:iam::804906870111:role/pet-20190416133910-unauthRole",
            "AuthRoleArn": "arn:aws:iam::804906870111:role/pet-20190416133910-authRole",
            "Region": "us-east-1",
            "DeploymentBucketName": "pet-20190416133910-deployment",
            "UnauthRoleName": "pet-20190416133910-unauthRole",
            "StackName": "pet-20190416133910",
            "StackId": "arn:aws:cloudformation:us-east-1:804906870111:stack/pet-20190416133910/8ba1b310-606e-11e9-b737-0a545e22b5be"
        }
    },
    "dev": {
        "awscloudformation": {
            "AuthRoleName": "pet-20190416134201-authRole",
            "UnauthRoleArn": "arn:aws:iam::804906870111:role/pet-20190416134201-unauthRole",
            "AuthRoleArn": "arn:aws:iam::804906870111:role/pet-20190416134201-authRole",
            "Region": "us-east-1",
            "DeploymentBucketName": "pet-20190416134201-deployment",
            "UnauthRoleName": "pet-20190416134201-unauthRole",
            "StackName": "pet-20190416134201",
            "StackId": "arn:aws:cloudformation:us-east-1:804906870111:stack/pet-20190416134201/f19fc6c0-606e-11e9-b9d9-0a4a1f15abc2"
        },
        "categories": {
            "auth": {
                "cognito223e83fa": {}
            }
        }
    }
}